category,name,model,finish,snap,size,package,base_price,finish_charge,snap_charge,size_charge,package_charge,total_price
"Belt Keepers","Belt Keeper","=""72-1-1""",Leather,Chrome,,Single,11.00,4.00,0.00,,0.00,15.00
"Belt Keepers","Belt Keeper","=""72-1-1-4P""",Leather,Chrome,,"4 Pack",11.00,4.00,0.00,,10.00,25.00
"Belt Keepers","Belt Keeper","=""72-1-2""",Leather,Black,,Single,11.00,4.00,0.00,,0.00,15.00
"Belt Keepers","Belt Keeper","=""72-1-2-4P""",Leather,Black,,"4 Pack",11.00,4.00,0.00,,10.00,25.00
"Belt Keepers","Belt Keeper","=""72-1-3""",Leather,Brass,,Single,11.00,4.00,0.00,,0.00,15.00
"Belt Keepers","Belt Keeper","=""72-1-3-4P""",Leather,Brass,,"4 Pack",11.00,4.00,0.00,,10.00,25.00
"Belt Keepers","Belt Keeper","=""72-1-4""",Leather,"Flat Dark Earth Brown",,Single,11.00,4.00,0.00,,0.00,15.00
"Belt Keepers","Belt Keeper","=""72-1-4-4P""",Leather,"Flat Dark Earth Brown",,"4 Pack",11.00,4.00,0.00,,10.00,25.00
"Belt Keepers","Belt Keeper","=""72-1-5""",Leather,"Foilage Green",,Single,11.00,4.00,0.00,,0.00,15.00
"Belt Keepers","Belt Keeper","=""72-1-5-4P""",Leather,"Foilage Green",,"4 Pack",11.00,4.00,0.00,,10.00,25.00
"Belt Keepers","Belt Keeper","=""72-1-6""",Leather,"OD Green",,Single,11.00,4.00,0.00,,0.00,15.00
"Belt Keepers","Belt Keeper","=""72-1-6-4P""",Leather,"OD Green",,"4 Pack",11.00,4.00,0.00,,10.00,25.00
"Belt Keepers","Belt Keeper","=""72-1-7""",Leather,"Coyote Brown",,Single,11.00,4.00,0.00,,0.00,15.00
"Belt Keepers","Belt Keeper","=""72-1-7-4P""",Leather,"Coyote Brown",,"4 Pack",11.00,4.00,0.00,,10.00,25.00
"Belt Keepers","Belt Keeper","=""72-1-HS""",Leather,Hidden,,Single,11.00,4.00,0.00,,0.00,15.00
"Belt Keepers","Belt Keeper","=""72-1-HS-4P""",Leather,Hidden,,"4 Pack",11.00,4.00,0.00,,10.00,25.00
"Belt Keepers","Belt Keeper","=""72-2-1""",Basketweave,Chrome,,Single,11.00,4.00,0.00,,0.00,15.00
"Belt Keepers","Belt Keeper","=""72-2-1-4P""",Basketweave,Chrome,,"4 Pack",11.00,4.00,0.00,,10.00,25.00
"Belt Keepers","Belt Keeper","=""72-2-2""",Basketweave,Black,,Single,11.00,4.00,0.00,,0.00,15.00
"Belt Keepers","Belt Keeper","=""72-2-2-4P""",Basketweave,Black,,"4 Pack",11.00,4.00,0.00,,10.00,25.00
"Belt Keepers","Belt Keeper","=""72-2-3""",Basketweave,Brass,,Single,11.00,4.00,0.00,,0.00,15.00
"Belt Keepers","Belt Keeper","=""72-2-3-4P""",Basketweave,Brass,,"4 Pack",11.00,4.00,0.00,,10.00,25.00
"Belt Keepers","Belt Keeper","=""72-2-4""",Basketweave,"Flat Dark Earth Brown",,Single,11.00,4.00,0.00,,0.00,15.00
"Belt Keepers","Belt Keeper","=""72-2-4-4P""",Basketweave,"Flat Dark Earth Brown",,"4 Pack",11.00,4.00,0.00,,10.00,25.00
"Belt Keepers","Belt Keeper","=""72-2-5""",Basketweave,"Foilage Green",,Single,11.00,4.00,0.00,,0.00,15.00
"Belt Keepers","Belt Keeper","=""72-2-5-4P""",Basketweave,"Foilage Green",,"4 Pack",11.00,4.00,0.00,,10.00,25.00
"Belt Keepers","Belt Keeper","=""72-2-6""",Basketweave,"OD Green",,Single,11.00,4.00,0.00,,0.00,15.00
"Belt Keepers","Belt Keeper","=""72-2-6-4P""",Basketweave,"OD Green",,"4 Pack",11.00,4.00,0.00,,10.00,25.00
"Belt Keepers","Belt Keeper","=""72-2-7""",Basketweave,"Coyote Brown",,Single,11.00,4.00,0.00,,0.00,15.00
"Belt Keepers","Belt Keeper","=""72-2-7-4P""",Basketweave,"Coyote Brown",,"4 Pack",11.00,4.00,0.00,,10.00,25.00
"Belt Keepers","Belt Keeper","=""72-2-HS""",Basketweave,Hidden,,Single,11.00,4.00,0.00,,0.00,15.00
"Belt Keepers","Belt Keeper","=""72-2-HS-4P""",Basketweave,Hidden,,"4 Pack",11.00,4.00,0.00,,10.00,25.00
"Belt Keepers","Belt Keeper","=""72-3-1""","High Gloss",Chrome,,Single,11.00,4.00,0.00,,0.00,15.00
"Belt Keepers","Belt Keeper","=""72-3-1-4P""","High Gloss",Chrome,,"4 Pack",11.00,4.00,0.00,,10.00,25.00
"Belt Keepers","Belt Keeper","=""72-3-2""","High Gloss",Black,,Single,11.00,4.00,0.00,,0.00,15.00
"Belt Keepers","Belt Keeper","=""72-3-2-4P""","High Gloss",Black,,"4 Pack",11.00,4.00,0.00,,10.00,25.00
"Belt Keepers","Belt Keeper","=""72-3-3""","High Gloss",Brass,,Single,11.00,4.00,0.00,,0.00,15.00
"Belt Keepers","Belt Keeper","=""72-3-3-4P""","High Gloss",Brass,,"4 Pack",11.00,4.00,0.00,,10.00,25.00
"Belt Keepers","Belt Keeper","=""72-3-4""","High Gloss","Flat Dark Earth Brown",,Single,11.00,4.00,0.00,,0.00,15.00
"Belt Keepers","Belt Keeper","=""72-3-4-4P""","High Gloss","Flat Dark Earth Brown",,"4 Pack",11.00,4.00,0.00,,10.00,25.00
"Belt Keepers","Belt Keeper","=""72-3-5""","High Gloss","Foilage Green",,Single,11.00,4.00,0.00,,0.00,15.00
"Belt Keepers","Belt Keeper","=""72-3-5-4P""","High Gloss","Foilage Green",,"4 Pack",11.00,4.00,0.00,,10.00,25.00
"Belt Keepers","Belt Keeper","=""72-3-6""","High Gloss","OD Green",,Single,11.00,4.00,0.00,,0.00,15.00
"Belt Keepers","Belt Keeper","=""72-3-6-4P""","High Gloss","OD Green",,"4 Pack",11.00,4.00,0.00,,10.00,25.00
"Belt Keepers","Belt Keeper","=""72-3-7""","High Gloss","Coyote Brown",,Single,11.00,4.00,0.00,,0.00,15.00
"Belt Keepers","Belt Keeper","=""72-3-7-4P""","High Gloss","Coyote Brown",,"4 Pack",11.00,4.00,0.00,,10.00,25.00
"Belt Keepers","Belt Keeper","=""72-3-HS""","High Gloss",Hidden,,Single,11.00,4.00,0.00,,0.00,15.00
"Belt Keepers","Belt Keeper","=""72-3-HS-4P""","High Gloss",Hidden,,"4 Pack",11.00,4.00,0.00,,10.00,25.00
"Belt Keepers","Belt Keeper Clip","=""64-1""",Leather,,,,11.50,0.00,,,,11.50
"Belt Keepers","Belt Keeper Clip","=""64-2""",Basketweave,,,,11.50,0.00,,,,11.50
"Belt Keepers","Belt Keeper Clip","=""64-3""","High Gloss",,,,11.50,0.00,,,,11.50
"Belt Keepers","Key Ring Keeper","=""61-1""",Leather,,,,9.00,0.00,,,,9.00
"Belt Keepers","Key Ring Keeper","=""61-2""",Basketweave,,,,9.00,0.00,,,,9.00
"Belt Keepers","Key Ring Keeper","=""61-3""","High Gloss",,,,9.00,0.00,,,,9.00
"Belt Keepers","Nylon Belt Keeper","=""301""",,,,Single,5.00,,,,0.00,5.00
"Belt Keepers","Nylon Belt Keeper","=""301-4P""",,,,"4 Pack",5.00,,,,5.50,10.50
Belts,Belt,"=""15-1-28""",Leather,,28,,27.50,0.00,,0.00,,27.50
Belts,Belt,"=""15-1-30""",Leather,,30,,27.50,0.00,,0.00,,27.50
Belts,Belt,"=""15-1-32""",Leather,,32,,27.50,0.00,,0.00,,27.50
Belts,Belt,"=""15-1-34""",Leather,,34,,27.50,0.00,,5.00,,32.50
Belts,Belt,"=""15-1-36""",Leather,,36,,27.50,0.00,,5.00,,32.50
Belts,Belt,"=""15-1-38""",Leather,,38,,27.50,0.00,,5.00,,32.50
Belts,Belt,"=""15-1-40""",Leather,,40,,27.50,0.00,,10.00,,37.50
Belts,Belt,"=""15-1-42""",Leather,,42,,27.50,0.00,,10.00,,37.50
Belts,Belt,"=""15-1-44""",Leather,,44,,27.50,0.00,,10.00,,37.50
Belts,Belt,"=""15-1-46""",Leather,,46,,27.50,0.00,,15.00,,42.50
Belts,Belt,"=""15-1-48""",Leather,,48,,27.50,0.00,,15.00,,42.50
Belts,Belt,"=""15-1-50""",Leather,,50,,27.50,0.00,,15.00,,42.50
Belts,Belt,"=""15-2-28""",Basketweave,,28,,27.50,0.00,,0.00,,27.50
Belts,Belt,"=""15-2-30""",Basketweave,,30,,27.50,0.00,,0.00,,27.50
Belts,Belt,"=""15-2-32""",Basketweave,,32,,27.50,0.00,,0.00,,27.50
Belts,Belt,"=""15-2-34""",Basketweave,,34,,27.50,0.00,,5.00,,32.50
Belts,Belt,"=""15-2-36""",Basketweave,,36,,27.50,0.00,,5.00,,32.50
Belts,Belt,"=""15-2-38""",Basketweave,,38,,27.50,0.00,,5.00,,32.50
Belts,Belt,"=""15-2-40""",Basketweave,,40,,27.50,0.00,,10.00,,37.50
Belts,Belt,"=""15-2-42""",Basketweave,,42,,27.50,0.00,,10.00,,37.50
Belts,Belt,"=""15-2-44""",Basketweave,,44,,27.50,0.00,,10.00,,37.50
Belts,Belt,"=""15-2-46""",Basketweave,,46,,27.50,0.00,,15.00,,42.50
Belts,Belt,"=""15-2-48""",Basketweave,,48,,27.50,0.00,,15.00,,42.50
Belts,Belt,"=""15-2-50""",Basketweave,,50,,27.50,0.00,,15.00,,42.50
Belts,Belt,"=""15-3-28""","High Gloss",,28,,27.50,0.00,,0.00,,27.50
Belts,Belt,"=""15-3-30""","High Gloss",,30,,27.50,0.00,,0.00,,27.50
Belts,Belt,"=""15-3-32""","High Gloss",,32,,27.50,0.00,,0.00,,27.50
Belts,Belt,"=""15-3-34""","High Gloss",,34,,27.50,0.00,,5.00,,32.50
Belts,Belt,"=""15-3-36""","High Gloss",,36,,27.50,0.00,,5.00,,32.50
Belts,Belt,"=""15-3-38""","High Gloss",,38,,27.50,0.00,,5.00,,32.50
Belts,Belt,"=""15-3-40""","High Gloss",,40,,27.50,0.00,,10.00,,37.50
Belts,Belt,"=""15-3-42""","High Gloss",,42,,27.50,0.00,,10.00,,37.50
Belts,Belt,"=""15-3-44""","High Gloss",,44,,27.50,0.00,,10.00,,37.50
Belts,Belt,"=""15-3-46""","High Gloss",,46,,27.50,0.00,,15.00,,42.50
Belts,Belt,"=""15-3-48""","High Gloss",,48,,27.50,0.00,,15.00,,42.50
Belts,Belt,"=""15-3-50""","High Gloss",,50,,27.50,0.00,,15.00,,42.50
Belts,Belt,"=""15-4-28""",Nylon,,28,,27.50,0.00,,0.00,,27.50
Belts,Belt,"=""15-4-30""",Nylon,,30,,27.50,0.00,,0.00,,27.50
Belts,Belt,"=""15-4-32""",Nylon,,32,,27.50,0.00,,0.00,,27.50
Belts,Belt,"=""15-4-34""",Nylon,,34,,27.50,0.00,,5.00,,32.50
Belts,Belt,"=""15-4-36""",Nylon,,36,,27.50,0.00,,5.00,,32.50
Belts,Belt,"=""15-4-38""",Nylon,,38,,27.50,0.00,,5.00,,32.50
Belts,Belt,"=""15-4-40""",Nylon,,40,,27.50,0.00,,10.00,,37.50
Belts,Belt,"=""15-4-42""",Nylon,,42,,27.50,0.00,,10.00,,37.50
Belts,Belt,"=""15-4-44""",Nylon,,44,,27.50,0.00,,10.00,,37.50
Belts,Belt,"=""15-4-46""",Nylon,,46,,27.50,0.00,,15.00,,42.50
Belts,Belt,"=""15-4-48""",Nylon,,48,,27.50,0.00,,15.00,,42.50
Belts,Belt,"=""15-4-50""",Nylon,,50,,27.50,0.00,,15.00,,42.50
Belts,"Inside Belt","=""11-40""",,,40,,40.00,,,0.00,,40.00
Belts,"Inside Belt","=""11-42""",,,42,,40.00,,,1.60,,41.60
Belts,"Inside Belt","=""11-46""",,,46,,40.00,,,7.60,,47.60
Belts,"Inside Belt","=""11-50""",,,50,,40.00,,,13.60,,53.60
Belts,"Inside Belt","=""11-54""",,,54,,40.00,,,20.20,,60.20
Belts,"Inside Belt","=""11-58""",,,58,,40.00,,,33.10,,73.10
Belts,"Inside Belt","=""11-62""",,,62,,40.00,,,46.00,,86.00
Belts,"Liner Belt","=""12-1-28""",Leather,,28,,20.50,0.00,,0.00,,20.50
Belts,"Liner Belt","=""12-1-30""",Leather,,30,,20.50,0.00,,0.00,,20.50
Belts,"Liner Belt","=""12-1-32""",Leather,,32,,20.50,0.00,,0.00,,20.50
Belts,"Liner Belt","=""12-1-34""",Leather,,34,,20.50,0.00,,5.00,,25.50
Belts,"Liner Belt","=""12-1-36""",Leather,,36,,20.50,0.00,,5.00,,25.50
Belts,"Liner Belt","=""12-1-38""",Leather,,38,,20.50,0.00,,5.00,,25.50
Belts,"Liner Belt","=""12-1-40""",Leather,,40,,20.50,0.00,,10.00,,30.50
Belts,"Liner Belt","=""12-1-42""",Leather,,42,,20.50,0.00,,10.00,,30.50
Belts,"Liner Belt","=""12-1-44""",Leather,,44,,20.50,0.00,,10.00,,30.50
Belts,"Liner Belt","=""12-1-46""",Leather,,46,,20.50,0.00,,15.00,,35.50
Belts,"Liner Belt","=""12-1-50""",Leather,,50,,20.50,0.00,,15.00,,35.50
Belts,"Liner Belt","=""12-2-28""",Basketweave,,28,,20.50,0.00,,0.00,,20.50
Belts,"Liner Belt","=""12-2-30""",Basketweave,,30,,20.50,0.00,,0.00,,20.50
Belts,"Liner Belt","=""12-2-32""",Basketweave,,32,,20.50,0.00,,0.00,,20.50
Belts,"Liner Belt","=""12-2-34""",Basketweave,,34,,20.50,0.00,,5.00,,25.50
Belts,"Liner Belt","=""12-2-36""",Basketweave,,36,,20.50,0.00,,5.00,,25.50
Belts,"Liner Belt","=""12-2-38""",Basketweave,,38,,20.50,0.00,,5.00,,25.50
Belts,"Liner Belt","=""12-2-40""",Basketweave,,40,,20.50,0.00,,10.00,,30.50
Belts,"Liner Belt","=""12-2-42""",Basketweave,,42,,20.50,0.00,,10.00,,30.50
Belts,"Liner Belt","=""12-2-44""",Basketweave,,44,,20.50,0.00,,10.00,,30.50
Belts,"Liner Belt","=""12-2-46""",Basketweave,,46,,20.50,0.00,,15.00,,35.50
Belts,"Liner Belt","=""12-2-50""",Basketweave,,50,,20.50,0.00,,15.00,,35.50
Belts,"Liner Belt","=""12-3-28""","High Gloss",,28,,20.50,0.00,,0.00,,20.50
Belts,"Liner Belt","=""12-3-30""","High Gloss",,30,,20.50,0.00,,0.00,,20.50
Belts,"Liner Belt","=""12-3-32""","High Gloss",,32,,20.50,0.00,,0.00,,20.50
Belts,"Liner Belt","=""12-3-34""","High Gloss",,34,,20.50,0.00,,5.00,,25.50
Belts,"Liner Belt","=""12-3-36""","High Gloss",,36,,20.50,0.00,,5.00,,25.50
Belts,"Liner Belt","=""12-3-38""","High Gloss",,38,,20.50,0.00,,5.00,,25.50
Belts,"Liner Belt","=""12-3-40""","High Gloss",,40,,20.50,0.00,,10.00,,30.50
Belts,"Liner Belt","=""12-3-42""","High Gloss",,42,,20.50,0.00,,10.00,,30.50
Belts,"Liner Belt","=""12-3-44""","High Gloss",,44,,20.50,0.00,,10.00,,30.50
Belts,"Liner Belt","=""12-3-46""","High Gloss",,46,,20.50,0.00,,15.00,,35.50
Belts,"Liner Belt","=""12-3-50""","High Gloss",,50,,20.50,0.00,,15.00,,35.50
Belts,"Nylon Belt","=""100-28""",,,28,,26.00,,,0.00,,26.00
Belts,"Nylon Belt","=""100-32""",,,32,,26.00,,,0.00,,26.00
Belts,"Nylon Belt","=""100-34""",,,34,,26.00,,,0.00,,26.00
Belts,"Nylon Belt","=""100-36""",,,36,,26.00,,,4.50,,30.50
Belts,"Nylon Belt","=""100-38""",,,38,,26.00,,,4.50,,30.50
Belts,"Nylon Belt","=""100-40""",,,40,,26.00,,,4.50,,30.50
Belts,"Nylon Belt","=""100-42""",,,42,,26.00,,,4.50,,30.50
Belts,"Nylon Belt","=""100-44""",,,44,,26.00,,,9.50,,35.50
Belts,"Nylon Belt","=""100-46""",,,46,,26.00,,,9.50,,35.50
Belts,"Nylon Belt","=""100-48""",,,48,,26.00,,,9.50,,35.50
Belts,"Nylon Belt","=""100-50""",,,50,,26.00,,,9.50,,35.50
Belts,"Nylon Belt","=""100-52""",,,52,,26.00,,,9.50,,35.50
Belts,"Nylon Belt","=""100-54""",,,54,,26.00,,,10.50,,36.50
Belts,"Nylon Belt","=""100-56""",,,56,,26.00,,,10.50,,36.50
Belts,"Nylon Belt","=""100-58""",,,58,,26.00,,,10.50,,36.50
Belts,"Nylon Belt","=""100-60""",,,60,,26.00,,,10.50,,36.50
Belts,"Nylon Belt","=""300-28""",,,28,,32.00,,,0.00,,32.00
Belts,"Nylon Belt","=""300-30""",,,30,,32.00,,,0.00,,32.00
Belts,"Nylon Belt","=""300-32""",,,32,,32.00,,,0.00,,32.00
Belts,"Nylon Belt","=""300-34""",,,34,,32.00,,,0.00,,32.00
Belts,"Nylon Belt","=""300-36""",,,36,,32.00,,,0.00,,32.00
Belts,"Nylon Belt","=""300-38""",,,38,,32.00,,,0.00,,32.00
Belts,"Nylon Belt","=""300-40""",,,40,,32.00,,,0.00,,32.00
Belts,"Nylon Belt","=""300-42""",,,42,,32.00,,,0.00,,32.00
Belts,"Nylon Belt","=""300-44""",,,44,,32.00,,,0.00,,32.00
Belts,"Nylon Belt","=""300-46""",,,46,,32.00,,,0.00,,32.00
Belts,"Nylon Belt","=""300-48""",,,48,,32.00,,,0.00,,32.00
Belts,"Nylon Belt","=""300-50""",,,50,,32.00,,,0.00,,32.00
Belts,"Nylon Belt","=""300-52""",,,52,,32.00,,,0.00,,32.00
Belts,"Nylon Belt","=""300-54""",,,54,,32.00,,,0.00,,32.00
Belts,"Sam Browne Belt","=""556-1-28""",Leather,,28,,73.10,0.00,,0.00,,73.10
Belts,"Sam Browne Belt","=""556-1-30""",Leather,,30,,73.10,0.00,,0.00,,73.10
Belts,"Sam Browne Belt","=""556-1-32""",Leather,,32,,73.10,0.00,,0.00,,73.10
Belts,"Sam Browne Belt","=""556-1-34""",Leather,,34,,73.10,0.00,,10.00,,83.10
Belts,"Sam Browne Belt","=""556-1-36""",Leather,,36,,73.10,0.00,,10.00,,83.10
Belts,"Sam Browne Belt","=""556-1-38""",Leather,,38,,73.10,0.00,,10.00,,83.10
Belts,"Sam Browne Belt","=""556-1-40""",Leather,,40,,73.10,0.00,,17.65,,90.75
Belts,"Sam Browne Belt","=""556-1-42""",Leather,,42,,73.10,0.00,,17.65,,90.75
Belts,"Sam Browne Belt","=""556-1-44""",Leather,,44,,73.10,0.00,,17.65,,90.75
Belts,"Sam Browne Belt","=""556-1-48""",Leather,,48,,73.10,0.00,,17.65,,90.75
Belts,"Sam Browne Belt","=""556-1-50""",Leather,,50,,73.10,0.00,,22.40,,95.50
Belts,"Sam Browne Belt","=""556-1-52""",Leather,,52,,73.10,0.00,,22.40,,95.50
Belts,"Sam Browne Belt","=""556-1-54""",Leather,,54,,73.10,0.00,,22.40,,95.50
Belts,"Sam Browne Belt","=""556-1-56""",Leather,,56,,73.10,0.00,,26.90,,100.00
Belts,"Sam Browne Belt","=""556-1-58""",Leather,,58,,73.10,0.00,,26.90,,100.00
Belts,"Sam Browne Belt","=""556-1-60""",Leather,,60,,73.10,0.00,,26.90,,100.00
Belts,"Sam Browne Belt","=""556-2-28""",Basketweave,,28,,73.10,0.00,,0.00,,73.10
Belts,"Sam Browne Belt","=""556-2-30""",Basketweave,,30,,73.10,0.00,,0.00,,73.10
Belts,"Sam Browne Belt","=""556-2-32""",Basketweave,,32,,73.10,0.00,,0.00,,73.10
Belts,"Sam Browne Belt","=""556-2-34""",Basketweave,,34,,73.10,0.00,,10.00,,83.10
Belts,"Sam Browne Belt","=""556-2-36""",Basketweave,,36,,73.10,0.00,,10.00,,83.10
Belts,"Sam Browne Belt","=""556-2-38""",Basketweave,,38,,73.10,0.00,,10.00,,83.10
Belts,"Sam Browne Belt","=""556-2-40""",Basketweave,,40,,73.10,0.00,,17.65,,90.75
Belts,"Sam Browne Belt","=""556-2-42""",Basketweave,,42,,73.10,0.00,,17.65,,90.75
Belts,"Sam Browne Belt","=""556-2-44""",Basketweave,,44,,73.10,0.00,,17.65,,90.75
Belts,"Sam Browne Belt","=""556-2-48""",Basketweave,,48,,73.10,0.00,,17.65,,90.75
Belts,"Sam Browne Belt","=""556-2-50""",Basketweave,,50,,73.10,0.00,,22.40,,95.50
Belts,"Sam Browne Belt","=""556-2-52""",Basketweave,,52,,73.10,0.00,,22.40,,95.50
Belts,"Sam Browne Belt","=""556-2-54""",Basketweave,,54,,73.10,0.00,,22.40,,95.50
Belts,"Sam Browne Belt","=""556-2-56""",Basketweave,,56,,73.10,0.00,,26.90,,100.00
Belts,"Sam Browne Belt","=""556-2-58""",Basketweave,,58,,73.10,0.00,,26.90,,100.00
Belts,"Sam Browne Belt","=""556-2-60""",Basketweave,,60,,73.10,0.00,,26.90,,100.00
Pouches,"Double Magazine Pouch","=""88-1""",Leather,,,,39.25,0.00,,,,39.25
Pouches,"Double Magazine Pouch","=""88-2""",Basketweave,,,,39.25,0.00,,,,39.25
Pouches,"Double Magazine Pouch","=""88-3""","High Gloss",,,,39.25,0.00,,,,39.25
Pouches,"Double Magazine Pouch","=""88-4""",Boltron,,,,39.25,0.00,,,,39.25
Pouches,"Glove Pouch","=""22-1""",Leather,,,,17.50,0.00,,,,17.50
Pouches,"Glove Pouch","=""22-2""",Basketweave,,,,17.50,0.00,,,,17.50
Pouches,"Glove Pouch","=""22-3""","High Gloss",,,,17.50,0.00,,,,17.50
